from	to
A01	A-DONE
A02	A-DONE
A03	A-DONE
A04	A-DONE
A05	A-DONE
A06	A-DONE
A07	A-DONE
A08	A-DONE
A09	A-DONE
A10	A-DONE
A11	A-DONE
A12	A-DONE
A-DONE	B01
B01	B02
B02	B-DONE
B-DONE	C01
C01	C02
C02	C03
B-DONE	C04
C04	C05
C02	C06
C06	C07
C02	C07
C03	C-DONE
C05	C-DONE
B-DONE	D01
D01	D02
D01	D03
D01	D04
D03	D-DONE
D04	D-DONE
C-DONE	E01
E01	E02
C-DONE	E03
C-DONE	E04
D-DONE	E04
E02	E-DONE
E04	E-DONE
C-DONE	F01
C-DONE	F02
E-DONE	F03
D-DONE	F03
F01	F-DONE
F02	F-DONE
F03	F-DONE
C-DONE	G01
D-DONE	G02
G01	G03
G01	G-DONE
G02	G-DONE
G03	G-DONE
E-DONE	H01
D-DONE	H01
E-DONE	H02
D-DONE	H02
E-DONE	H03
D-DONE	H03
H01	H04
H04	H05
E-DONE	H05
H02	H-DONE
H03	H-DONE
H05	H-DONE
H-DONE	I01
H-DONE	I02
H-DONE	I03
H-DONE	I04
H-DONE	I05
H-DONE	I06
H-DONE	I07
I01	I-DONE
I02	I-DONE
I03	I-DONE
I04	I-DONE
I05	I-DONE
I06	I-DONE
I07	I-DONE
I-DONE	J01
J01	J02
J02	J03
J03	J04
J04	J-DONE
